CATAID,Z,<logAge>,<[M/H]>,MASS2LIGHT_R
375789,0.07871,9.77895852203992,-0.9747123370557071,1.3979356524169968
