CATAID,Z,<logAge>,<[M/H]>,MASS2LIGHT_R
492701,0.19399,9.831079788773266,-0.30547929520447337,2.17407290172466
