CATAID,Z,<logAge>,<[M/H]>,MASS2LIGHT_R
536903,0.18071,9.903002518957281,-0.1971422689833244,3.2439272464321656
